produit,categorie,niveau,remarque
Protéine nature,Alimentaire,,
Monin frappé,Alimentaire,,
Café grains,Alimentaire,,
Matcha collagène,Alimentaire,,
Matcha foncé,Alimentaire,,
Matcha clair,Alimentaire,,
UBE liquide,Alimentaire,,
UBE poudre,Alimentaire,,
Spiruline bleue,Alimentaire,,
Spiruline verte,Alimentaire,,
Spiruline liquide,Alimentaire,,
Sucre,Alimentaire,,
Beurre de cacahuète,Alimentaire,,
Confiture,Alimentaire,,
Purée de sésame,Alimentaire,,
Crème pistache,Alimentaire,,
Cumin,Alimentaire,,
Ail,Alimentaire,,
Cannelle,Alimentaire,,
Granola,Alimentaire,,
Graines de chia,Alimentaire,,
Baies,Alimentaire,,
Morceaux de pommes,Alimentaire,,
Pêches,Alimentaire,,
Coco,Alimentaire,,
Fraises,Alimentaire,,
Oreo,Alimentaire,,
Spéculoos,Alimentaire,,
Noisettes caramélisées,Alimentaire,,
Lait avoine,Laits & frais,,
Lait coco,Laits & frais,,
Lait écrémé,Laits & frais,,
Crème légère,Laits & frais,,
Vanille,Laits & frais,,
Mascarpone,Laits & frais,,
Sauce soja,Sauces cuisine,,
Sauce poke,Sauces cuisine,,
Huile d'olive,Sauces cuisine,,
Detox,Symples,,
Relax,Symples,,
Basilic,Symples,,
Vitamin Well framboise,Boissons,,
Vitamin Well citron,Boissons,,
Vitamin Well pêche,Boissons,,
Kombucha Archipel framboise,Boissons,,
Kombucha citron,Boissons,,
Embrace citron,Boissons,,
Embrace pêche,Boissons,,
Embrace pêche menthe,Boissons,,
Embrace citron framboise,Boissons,,
Embrace framboise pêche,Boissons,,
Bubble Tea,Boissons,,
Water Power citron,Boissons,,
Shot Ginger turmeric,Boissons,,
Shot Ginger citron,Boissons,,
Framboise,Sirops Monin,,
Fraise,Sirops Monin,,
Mangue,Sirops Monin,,
Pêche,Sirops Monin,,
Coco,Sirops Monin,,
Concombre,Sirops Monin,,
Pistache,Sirops Monin,,
Vanille,Sirops Monin,,
Vanille sans sucre,Sirops Monin,,
Amaretto,Sirops Monin,,
Matcha,Sirops Monin,,
Chocolat,Sirops Monin,,
Noisette,Sirops Monin,,
Spéculoos,Sirops Monin,,
Tiramisu,Sirops Monin,,
Mangue,Sauces sucrées,,
Framboise,Sauces sucrées,,
Fraise,Sauces sucrées,,
Banane,Sauces sucrées,,
Chocolat,Sauces sucrées,,
Caramel,Sauces sucrées,,
Spéculoos,Sauces sucrées,,
Matcha,Maya,,
Goyave,Maya,,
Eau coco,Maya,,
Litchi,Maya,,
PAM,Maya,,
"Zilia 1,5 L",Eaux,,
Zilia 33 cl,Eaux,,
St-Georges 33 cl,Eaux,,
Summer,Étiquettes,,
Blue Colada,Étiquettes,,
Detox,Étiquettes,,
Muscle Up,Étiquettes,,
Big Brain,Étiquettes,,
Sweet Coffee,Étiquettes,,
Body Club Rond,Étiquettes,,
Body Club Simple,Étiquettes,,
Poke Saumon,Étiquettes,,
Poke Crevette,Étiquettes,,
Poke Rosbeef,Étiquettes,,
Poke Poulet,Étiquettes,,
Poke Thon,Étiquettes,,
Salade Thaï Crevettes,Étiquettes,,
Caesar Salad,Étiquettes,,
Kendall Jenner's Fit Salad,Étiquettes,,
Glowy Crunch,Étiquettes,,
Couverts,Emballages / consommables,,
Cuillères,Emballages / consommables,,
Verres matcha,Emballages / consommables,,
Couvercles matcha,Emballages / consommables,,
Pots desserts,Emballages / consommables,,
Couvercles pots desserts,Emballages / consommables,,
Grands verres Body Club,Emballages / consommables,,
Petits verres Body Club,Emballages / consommables,,
Petits verres à emporter,Emballages / consommables,,
Couvercles à emporter,Emballages / consommables,,
Verres smoothies,Emballages / consommables,,
Couvercles smoothies,Emballages / consommables,,
Pailles,Emballages / consommables,,
Pots salades,Emballages / consommables,,
Couvercles salades,Emballages / consommables,,
Sopalins dispo,Emballages / consommables,,
Boîtes gâteaux,Emballages / consommables,,
Éponge,Ménager,,
Liquide vaisselle,Ménager,,
Sopalin,Ménager,,
Papier toilette,Ménager,,
Sopalin toilette,Ménager,,
Lingettes désinfectantes,Ménager,,
Lave-vitre,Ménager,,
Désinfectant,Ménager,,
Désinfectant alimentaire,Ménager,,
Gants,Ménager,,
Produit lave-sol,Ménager,,
Sacs-poubelle,Ménager,,
Eau de Javel,Ménager,,
Pastilles vaisselle,Ménager,,
Savon Tork,Ménager,,
Savon antimicrobien,Ménager,,
Savon douche,Ménager,,
Produit nettoyage machine café,Ménager,,
Dégraissant alimentaire,Ménager,,
Sel,Divers,,
Poivre,Divers,,
